"ID","CREATEDBYSTAFFID","CREATEDDATE","LASTUPDATEDBYSTAFFID","LASTUPDATEDDATE","CREATEDDATE","STATUS","ENTITYTYPE","MAXRANGE","MINRANGE","ENTITYREGEXID","ADDITIONALCHECKVAL"
1,1,"2016-07-11 16:21:09.0000",1,"2016-07-12 10:17:12.0000","2016-07-11 16:21:09.0000","ACTIVE","com.elitecore.sm.services.model.DistributionService",500000,1,150,
2,1,"2016-07-11 16:21:09.0001",1,"2016-07-12 10:17:12.0000","2016-07-11 16:21:09.0001","ACTIVE","com.elitecore.sm.services.model.DistributionService",500000,1,152,-1
3,1,"2016-07-11 16:21:09.0002",1,"2016-07-12 10:17:12.0000","2016-07-11 16:21:09.0002","ACTIVE","com.elitecore.sm.services.model.CollectionService",86400,1,51,
4,1,"2016-07-11 16:21:09.0003",1,"2016-07-12 10:17:12.0000","2016-07-11 16:21:09.0003","ACTIVE","com.elitecore.sm.services.model.CollectionService",300,1,54,
5,1,"2016-07-11 16:21:09.0004",1,"2016-07-12 10:17:12.0000","2016-07-11 16:21:09.0004","ACTIVE","com.elitecore.sm.services.model.CollectionService",300,1,53,
6,1,"2016-07-11 16:21:09.0005",1,"2016-07-12 10:17:12.0000","2016-07-11 16:21:09.0005","ACTIVE","com.elitecore.sm.services.model.CollectionService",200,1,52,
7,1,"2016-07-11 16:21:09.0006",1,"2016-07-12 10:17:12.0000","2016-07-11 16:21:09.0006","ACTIVE","com.elitecore.sm.services.model.CollectionService",10000,100,55,
8,1,"2016-07-11 16:21:09.0007",1,"2016-07-12 10:17:12.0000","2016-07-11 16:21:09.0007","ACTIVE","com.elitecore.sm.services.model.IPLogParsingService",432000,1,51,
9,1,"2016-07-11 16:21:09.0008",1,"2016-07-12 10:17:12.0000","2016-07-11 16:21:09.0008","ACTIVE","com.elitecore.sm.services.model.IPLogParsingService",200,1,54,
10,1,"2016-07-11 16:21:09.0009",1,"2016-07-12 10:17:12.0000","2016-07-11 16:21:09.0009","ACTIVE","com.elitecore.sm.services.model.IPLogParsingService",200,1,53,
11,1,"2016-07-11 16:21:09.0010",1,"2016-07-12 10:17:12.0000","2016-07-11 16:21:09.0010","ACTIVE","com.elitecore.sm.services.model.IPLogParsingService",600,1,52,
12,1,"2016-07-11 16:21:09.0011",1,"2016-07-12 10:17:12.0000","2016-07-11 16:21:09.0011","ACTIVE","com.elitecore.sm.services.model.IPLogParsingService",3000000,100,55,
13,1,"2016-07-11 16:21:09.0012",1,"2016-07-12 10:17:12.0000","2016-07-11 16:21:09.0012","ACTIVE","com.elitecore.sm.services.model.IPLogParsingService",2147483647,100,110,
14,1,"2016-07-11 16:21:09.0013",1,"2016-07-12 10:17:12.0000","2016-07-11 16:21:09.0013","ACTIVE","com.elitecore.sm.services.model.IPLogParsingService",60,1,111,
15,1,"2016-07-11 16:21:09.0014",1,"2016-07-12 10:17:12.0000","2016-07-11 16:21:09.0014","ACTIVE","com.elitecore.sm.services.model.IPLogParsingService",90,1,112,
16,1,"2016-07-11 16:21:09.0015",1,"2016-07-12 10:17:12.0000","2016-07-11 16:21:09.0015","ACTIVE","com.elitecore.sm.services.model.IPLogParsingService",65535,0,115,
17,1,"2016-07-11 16:21:09.0016",1,"2016-07-12 10:17:12.0000","2016-07-11 16:21:09.0016","ACTIVE","com.elitecore.sm.services.model.IPLogParsingService",65535,0,116,
23,1,"2016-07-11 16:21:09.0017",1,"2016-07-12 10:17:12.0000","2016-07-11 16:21:09.0017","ACTIVE","com.elitecore.sm.services.model.ParsingService",2147483647,100,110,
24,1,"2016-07-11 16:21:09.0018",1,"2016-07-12 10:17:12.0000","2016-07-11 16:21:09.0018","ACTIVE","com.elitecore.sm.services.model.ParsingService",100,1,54,
25,1,"2016-07-11 16:21:09.0019",1,"2016-07-12 10:17:12.0000","2016-07-11 16:21:09.0019","ACTIVE","com.elitecore.sm.services.model.ParsingService",100,1,53,
26,1,"2016-07-11 16:21:09.0020",1,"2016-07-12 10:17:12.0000","2016-07-11 16:21:09.0020","ACTIVE","com.elitecore.sm.services.model.ParsingService",600,1,52,
27,1,"2016-07-11 16:21:09.0021",1,"2016-07-12 10:17:12.0000","2016-07-11 16:21:09.0021","ACTIVE","com.elitecore.sm.services.model.ParsingService",150000,-5,55,
28,1,"2016-07-11 16:21:09.0022",1,"2016-07-12 10:17:12.0000","2016-07-11 16:21:09.0022","ACTIVE","com.elitecore.sm.services.model.ParsingService",5000,1,190,
29,1,"2016-07-11 16:21:09.0023",1,"2016-07-12 10:17:12.0000","2016-07-11 16:21:09.0023","ACTIVE","com.elitecore.sm.services.model.ParsingService",432000,1,51,
30,1,"2016-07-11 16:21:09.0024",1,"2016-07-12 10:17:12.0000","2016-07-11 16:21:09.0024","ACTIVE","com.elitecore.sm.services.model.ParsingService",5000,1,193,-1
31,1,"2016-07-11 16:21:09.0025",1,"2016-07-12 10:17:12.0000","2016-07-11 16:21:09.0025","ACTIVE","com.elitecore.sm.services.model.ParsingService",2880,1,194,-1
32,1,"2016-07-11 16:21:09.0026",1,"2016-07-12 10:17:12.0000","2016-07-11 16:21:09.0026","ACTIVE","com.elitecore.sm.services.model.DistributionService",86400,1,51,
33,1,"2016-07-11 16:21:09.0027",1,"2016-07-12 10:17:12.0000","2016-07-11 16:21:09.0027","ACTIVE","com.elitecore.sm.services.model.DistributionService",300,1,54,
34,1,"2016-07-11 16:21:09.0028",1,"2016-07-12 10:17:12.0000","2016-07-11 16:21:09.0028","ACTIVE","com.elitecore.sm.services.model.DistributionService",300,1,53,
35,1,"2016-07-11 16:21:09.0029",1,"2016-07-12 10:17:12.0000","2016-07-11 16:21:09.0029","ACTIVE","com.elitecore.sm.services.model.DistributionService",200,1,52,
36,1,"2016-07-11 16:21:09.0030",1,"2016-07-12 10:17:12.0000","2016-07-11 16:21:09.0030","ACTIVE","com.elitecore.sm.services.model.DistributionService",150000,100,55,
37,1,"2016-07-11 16:21:09.0031",1,"2016-07-12 10:17:12.0000","2016-07-11 16:21:09.0031","ACTIVE","com.elitecore.sm.services.model.NetflowBinaryCollectionService",64000,4000,89,
38,1,"2016-07-11 16:21:09.0032",1,"2016-07-12 10:17:12.0000","2016-07-11 16:21:09.0032","ACTIVE","com.elitecore.sm.services.model.NetflowBinaryCollectionService",134217728,8000,90,
39,1,"2016-07-11 16:21:09.0033",1,"2016-07-12 10:17:12.0000","2016-07-11 16:21:09.0033","ACTIVE","com.elitecore.sm.services.model.NetflowBinaryCollectionService",134217728,8000,91,
40,1,"2016-07-11 16:21:09.0034",1,"2016-07-12 10:17:12.0000","2016-07-11 16:21:09.0034","ACTIVE","com.elitecore.sm.services.model.NetflowBinaryCollectionService",3600,0,97,
41,1,"2016-07-11 16:21:09.0035",1,"2016-07-12 10:17:12.0000","2016-07-11 16:21:09.0035","ACTIVE","com.elitecore.sm.services.model.NetflowBinaryCollectionService",5000,1,92,
42,1,"2016-07-11 16:21:09.0036",1,"2016-07-12 10:17:12.0000","2016-07-11 16:21:09.0036","ACTIVE","com.elitecore.sm.services.model.NetflowBinaryCollectionService",100,0,95,
43,1,"2016-07-11 16:21:09.0037",1,"2016-07-12 10:17:12.0000","2016-07-11 16:21:09.0037","ACTIVE","com.elitecore.sm.services.model.NetflowBinaryCollectionService",300,1,54,
44,1,"2016-07-11 16:21:09.0038",1,"2016-07-12 10:17:12.0000","2016-07-11 16:21:09.0038","ACTIVE","com.elitecore.sm.services.model.NetflowBinaryCollectionService",300,1,53,
46,1,"2016-07-11 16:21:09.0039",1,"2016-07-12 10:17:12.0000","2016-07-11 16:21:09.0039","ACTIVE","com.elitecore.sm.services.model.NetflowBinaryCollectionService",5000000,1000000,55,
47,1,"2016-07-11 16:21:09.0040",1,"2016-07-12 10:17:12.0000","2016-07-11 16:21:09.0040","ACTIVE","com.elitecore.sm.services.model.NetflowBinaryCollectionService",134217728,1,93,
48,1,"2016-07-11 16:21:09.0041",1,"2016-07-12 10:17:12.0000","2016-07-11 16:21:09.0041","ACTIVE","com.elitecore.sm.services.model.NetflowCollectionService",64000,4000,89,
49,1,"2016-07-11 16:21:09.0042",1,"2016-07-12 10:17:12.0000","2016-07-11 16:21:09.0042","ACTIVE","com.elitecore.sm.services.model.NetflowCollectionService",134217728,8000,90,
50,1,"2016-07-11 16:21:09.0043",1,"2016-07-12 10:17:12.0000","2016-07-11 16:21:09.0043","ACTIVE","com.elitecore.sm.services.model.NetflowCollectionService",134217728,8000,91,
51,1,"2016-07-11 16:21:09.0044",1,"2016-07-12 10:17:12.0000","2016-07-11 16:21:09.0044","ACTIVE","com.elitecore.sm.services.model.NetflowCollectionService",3600,0,97,
52,1,"2016-07-11 16:21:09.0045",1,"2016-07-12 10:17:13.0000","2016-07-11 16:21:09.0045","ACTIVE","com.elitecore.sm.services.model.NetflowCollectionService",5000,1,92,
53,1,"2016-07-11 16:21:09.0046",1,"2016-07-12 10:17:13.0000","2016-07-11 16:21:09.0046","ACTIVE","com.elitecore.sm.services.model.NetflowCollectionService",100,0,95,
54,1,"2016-07-11 16:21:09.0047",1,"2016-07-12 10:17:13.0000","2016-07-11 16:21:09.0047","ACTIVE","com.elitecore.sm.services.model.NetflowCollectionService",300,1,54,
55,1,"2016-07-11 16:21:09.0048",1,"2016-07-12 10:17:13.0000","2016-07-11 16:21:09.0048","ACTIVE","com.elitecore.sm.services.model.NetflowCollectionService",300,1,53,
57,1,"2016-07-11 16:21:09.0049",1,"2016-07-12 10:17:13.0000","2016-07-11 16:21:09.0049","ACTIVE","com.elitecore.sm.services.model.NetflowCollectionService",5000000,1000000,55,
58,1,"2016-07-11 16:21:09.0050",1,"2016-07-12 10:17:13.0000","2016-07-11 16:21:09.0050","ACTIVE","com.elitecore.sm.services.model.NetflowCollectionService",134217728,1,93,
59,1,"2016-07-11 16:21:09.0051",1,"2016-07-12 10:17:13.0000","2016-07-11 16:21:09.0051","ACTIVE","com.elitecore.sm.services.model.SysLogCollectionService",64000,4000,89,
60,1,"2016-07-11 16:21:09.0052",1,"2016-07-12 10:17:13.0000","2016-07-11 16:21:09.0052","ACTIVE","com.elitecore.sm.services.model.SysLogCollectionService",134217728,8000,90,
61,1,"2016-07-11 16:21:09.0053",1,"2016-07-12 10:17:13.0000","2016-07-11 16:21:09.0053","ACTIVE","com.elitecore.sm.services.model.SysLogCollectionService",134217728,8000,91,
62,1,"2016-07-11 16:21:09.0054",1,"2016-07-12 10:17:13.0000","2016-07-11 16:21:09.0054","ACTIVE","com.elitecore.sm.services.model.SysLogCollectionService",3600,0,97,
63,1,"2016-07-11 16:21:09.0055",1,"2016-07-12 10:17:13.0000","2016-07-11 16:21:09.0055","ACTIVE","com.elitecore.sm.services.model.SysLogCollectionService",5000,1,92,
64,1,"2016-07-11 16:21:09.0056",1,"2016-07-12 10:17:13.0000","2016-07-11 16:21:09.0056","ACTIVE","com.elitecore.sm.services.model.SysLogCollectionService",100,0,95,
65,1,"2016-07-11 16:21:09.0057",1,"2016-07-12 10:17:13.0000","2016-07-11 16:21:09.0057","ACTIVE","com.elitecore.sm.services.model.SysLogCollectionService",300,1,54,
66,1,"2016-07-11 16:21:09.0058",1,"2016-07-12 10:17:13.0000","2016-07-11 16:21:09.0058","ACTIVE","com.elitecore.sm.services.model.SysLogCollectionService",300,1,53,
68,1,"2016-07-11 16:21:09.0059",1,"2016-07-12 10:17:13.0000","2016-07-11 16:21:09.0059","ACTIVE","com.elitecore.sm.services.model.SysLogCollectionService",5000000,1000000,55,
69,1,"2016-07-11 16:21:09.0060",1,"2016-07-12 10:17:13.0000","2016-07-11 16:21:09.0060","ACTIVE","com.elitecore.sm.services.model.SysLogCollectionService",134217728,1,93,
70,1,"2016-07-11 16:21:09.0061",1,"2016-07-12 10:17:13.0000","2016-07-11 16:21:09.0061","ACTIVE","com.elitecore.sm.services.model.DistributionService",500000,1,150,
71,1,"2016-07-11 16:21:09.0062",1,"2016-07-12 10:17:13.0000","2016-07-11 16:21:09.0062","ACTIVE","com.elitecore.sm.services.model.DistributionService",500000,1,152,-1
72,1,"2016-07-11 16:21:09.0063",1,"2016-07-12 10:17:13.0000","2016-07-11 16:21:09.0063","ACTIVE","com.elitecore.sm.drivers.model.Drivers",10000000,1000,57,
73,1,"2016-07-11 16:21:09.0064",1,"2016-07-12 10:17:13.0000","2016-07-11 16:21:09.0064","ACTIVE","com.elitecore.sm.drivers.model.ConnectionParameter",600000,1000,66,
74,1,"2016-07-11 16:21:09.0065",1,"2016-07-12 10:17:13.0000","2016-07-11 16:21:09.0065","ACTIVE","com.elitecore.sm.drivers.model.ConnectionParameter",65000,0,63,
75,1,"2016-07-11 16:21:09.0066",1,"2016-07-12 10:17:13.0000","2016-07-11 16:21:09.0066","ACTIVE","com.elitecore.sm.drivers.model.Drivers",3600,0,61,-1
76,1,"2016-07-11 16:21:09.0067",1,"2016-07-12 10:17:13.0000","2016-07-11 16:21:09.0067","ACTIVE","com.elitecore.sm.drivers.model.Drivers",-5,1,58,-1
77,1,"2016-07-11 16:21:09.0068",1,"2016-07-12 10:17:13.0000","2016-07-11 16:21:09.0068","ACTIVE","com.elitecore.sm.drivers.model.Drivers",5000,-5,59,-1
78,1,"2016-07-11 16:21:09.0069",1,"2016-07-12 10:17:13.0000","2016-07-11 16:21:09.0069","ACTIVE","com.elitecore.sm.drivers.model.Drivers",100,0,60,-1
79,1,"2016-07-11 16:21:09.0070",1,"2016-07-12 10:17:13.0000","2016-07-11 16:21:09.0070","ACTIVE","com.elitecore.sm.drivers.model.Drivers",60,1,68,
80,1,"2016-07-11 16:21:09.0071",1,"2016-07-12 10:17:13.0000","2016-07-11 16:21:09.0071","ACTIVE","com.elitecore.sm.pathlist.model.CharRenameOperation",255,1,173,-1
81,1,"2016-07-11 16:21:09.0072",1,"2016-07-12 10:17:13.0000","2016-07-11 16:21:09.0072","ACTIVE","com.elitecore.sm.netflowclient.model.NetflowClient",10240,500,104,-1
82,1,"2016-07-11 16:21:09.0073",1,"2016-07-12 10:17:13.0000","2016-07-11 16:21:09.0073","ACTIVE","com.elitecore.sm.netflowclient.model.NetflowClient",10,1,105,-1
83,1,"2016-07-11 16:21:09.0074",1,"2016-07-12 10:17:13.0000","2016-07-11 16:21:09.0074","ACTIVE","com.elitecore.sm.netflowclient.model.NetflowClient",64000,3000,99,
84,1,"2016-07-11 16:21:09.0075",1,"2016-07-12 10:17:13.0000","2016-07-11 16:21:09.0075","ACTIVE","com.elitecore.sm.netflowclient.model.NetflowClient",60,0,190,
85,1,"2016-07-11 16:21:09.0076",1,"2016-07-12 10:17:13.0000","2016-07-11 16:21:09.0076","ACTIVE","com.elitecore.sm.serverinstance.model.ServerInstance",50,0,37,
86,1,"2016-07-11 16:21:09.0077",1,"2016-07-12 10:17:13.0000","2016-07-11 16:21:09.0077","ACTIVE","com.elitecore.sm.serverinstance.model.ServerInstance",1440,0,38,
87,1,"2016-07-11 16:21:09.0078",1,"2016-07-12 10:17:13.0000","2016-07-11 16:21:09.0078","ACTIVE","com.elitecore.sm.serverinstance.model.ServerInstance",100,0,34,
88,1,"2016-07-11 16:21:09.0079",1,"2016-07-12 10:17:13.0000","2016-07-11 16:21:09.0079","ACTIVE","com.elitecore.sm.serverinstance.model.ServerInstance",1440,0,33,
89,1,"2016-07-11 16:21:09.0080",1,"2016-07-12 10:17:13.0000","2016-07-11 16:21:09.0080","ACTIVE","com.elitecore.sm.serverinstance.model.ServerInstance",99,0,35,
90,1,"2016-07-11 16:21:09.0081",1,"2016-07-12 10:17:13.0000","2016-07-11 16:21:09.0081","ACTIVE","com.elitecore.sm.pathlist.model.DistributionDriverPathList",10000,1,76,-1
91,1,"2016-07-11 16:21:09.0082",1,"2016-07-12 10:17:13.0000","2016-07-11 16:21:09.0082","ACTIVE","com.elitecore.sm.pathlist.model.CollectionDriverPathList",10000,-1,76,
92,1,"2016-07-11 16:21:09.0083",1,"2016-07-12 10:17:13.0000","2016-07-11 16:21:09.0083","ACTIVE","com.elitecore.sm.parser.model.AsciiParserMapping",10000,-5,158,
93,1,"2016-07-11 16:21:09.0084",1,"2016-07-12 10:17:13.0000","2016-07-11 16:21:09.0084","ACTIVE","com.elitecore.sm.services.model.ParsingService",5000,1,195,-1
94,1,"2016-07-11 16:21:09.0085",1,"2016-07-12 10:17:13.0001","2016-07-11 16:21:09.0085","ACTIVE","com.elitecore.sm.datasource.model.DataSourceConfig",100,1,46,
95,1,"2016-07-11 16:21:09.0086",1,"2016-07-12 10:17:13.0002","2016-07-11 16:21:09.0086","ACTIVE","com.elitecore.sm.datasource.model.DataSourceConfig",100,1,47,
96,1,"2016-07-11 16:21:09.0086",1,"2016-07-12 10:17:13.0002","2016-07-11 16:21:09.0086","ACTIVE","com.elitecore.sm.serverinstance.model.ServerInstance",120,15,28,
97,1,"2016-07-11 16:21:09.0086",1,"2016-07-12 10:17:13.0002","2016-07-11 16:21:09.0086","ACTIVE","com.elitecore.sm.serverinstance.model.ServerInstance",-5,8,31,
98,1,"2016-07-11 16:21:09.0086",1,"2016-07-12 10:17:13.0002","2016-07-11 16:21:09.0086","ACTIVE","com.elitecore.sm.serverinstance.model.ServerInstance",-5,8,32,
99,1,"2016-07-11 16:21:09.0086",1,"2016-07-12 10:17:13.0002","2016-07-11 16:21:09.0086","ACTIVE","com.elitecore.sm.serverinstance.model.ServerInstance",5,1,26,
100,1,"2016-07-11 16:21:09.0086",1,"2016-07-12 10:17:13.0002","2016-07-11 16:21:09.0086","ACTIVE","com.elitecore.sm.serverinstance.model.ServerInstance",60000,5000,27,
101,1,"2016-07-11 16:21:09.0086",1,"2016-07-12 10:17:13.0002","2016-07-11 16:21:09.0086","ACTIVE","com.elitecore.sm.serverinstance.model.ServerInstance",100,10,34,
102,1,"2016-07-11 16:21:09.0086",1,"2016-07-12 10:17:13.0002","2016-07-11 16:21:09.0086","ACTIVE","com.elitecore.sm.serverinstance.model.ServerInstance",1440,1,33,
103,1,"2016-07-11 16:21:09.0086",1,"2016-07-12 10:17:13.0002","2016-07-11 16:21:09.0086","ACTIVE","com.elitecore.sm.serverinstance.model.ServerInstance",99,1,35,
104,1,"2016-07-11 16:21:09.0086",1,"2016-07-12 10:17:13.0002","2016-07-11 16:21:09.0086","ACTIVE","TIME_BASED",1440,1,38,
105,1,"2016-07-11 16:21:09.0086",1,"2016-07-12 10:17:13.0002","2016-07-11 16:21:09.0086","ACTIVE","VOLUME_BASED",1024,1,38,
106,1,"2016-07-11 16:21:09.0086",1,"2016-07-12 10:17:13.0002","2016-07-11 16:21:09.0086","ACTIVE","com.elitecore.sm.serverinstance.model.ServerInstance",50,5,37,
107,1,"2016-07-11 16:21:09.0086",1,"2016-07-12 10:17:13.0002","2016-07-11 16:21:09.0086","ACTIVE","com.elitecore.sm.snmp.model.SNMPServerConfig",40000,-5,149,-1
108,1,"2016-07-11 16:21:09.0086",1,"2016-07-12 10:17:13.0002","2016-07-11 16:21:09.0086","ACTIVE","com.elitecore.sm.agent.model.PacketStatisticsAgent",8640000,60000,199,
109,1,"2016-07-11 16:21:09.0086",1,"2016-07-12 10:17:13.0002","2016-07-11 16:21:09.0086","ACTIVE","com.elitecore.sm.parser.model.Parser",50000,0,201,-1
110,1,"2016-07-11 16:21:09.0035",1,"2016-07-12 10:17:12.0000","2016-07-11 16:21:09.0035","ACTIVE","com.elitecore.sm.services.model.NetflowBinaryCollectionService",2147483647,1,94,
111,1,"2016-07-11 16:21:09.0035",1,"2016-07-12 10:17:12.0000","2016-07-11 16:21:09.0035","ACTIVE","com.elitecore.sm.services.model.NetflowCollectionService",2147483647,1,94,
112,1,"2016-07-11 16:21:09.0035",1,"2016-07-12 10:17:12.0000","2016-07-11 16:21:09.0035","ACTIVE","com.elitecore.sm.services.model.SysLogCollectionService",-5,1,94,
113,1,"2016-07-11 16:21:09.0017",1,"2016-07-12 10:17:12.0000","2016-07-11 16:21:09.0017","ACTIVE","com.elitecore.sm.services.model.ProcessingService",300000,1,110,-1
114,1,"2016-07-11 16:21:09.0018",1,"2016-07-12 10:17:12.0000","2016-07-11 16:21:09.0018","ACTIVE","com.elitecore.sm.services.model.ProcessingService",100,1,54,
115,1,"2016-07-11 16:21:09.0019",1,"2016-07-12 10:17:12.0000","2016-07-11 16:21:09.0019","ACTIVE","com.elitecore.sm.services.model.ProcessingService",100,1,53,
116,1,"2016-07-11 16:21:09.0020",1,"2016-07-12 10:17:12.0000","2016-07-11 16:21:09.0020","ACTIVE","com.elitecore.sm.services.model.ProcessingService",500,1,52,
117,1,"2016-07-11 16:21:09.0021",1,"2016-07-12 10:17:12.0000","2016-07-11 16:21:09.0021","ACTIVE","com.elitecore.sm.services.model.ProcessingService",150000,1,55,
118,1,"2016-07-11 16:21:09.0023",1,"2016-07-12 10:17:12.0000","2016-07-11 16:21:09.0023","ACTIVE","com.elitecore.sm.services.model.ProcessingService",172800,1,51,
119,1,"2016-07-11 16:21:09.0024",1,"2016-07-12 10:17:12.0000","2016-07-11 16:21:09.0024","ACTIVE","com.elitecore.sm.services.model.ProcessingService",5000,1,193,-1
120,1,"2016-07-11 16:21:09.0025",1,"2016-07-12 10:17:12.0000","2016-07-11 16:21:09.0025","ACTIVE","com.elitecore.sm.services.model.ProcessingService",2880,1,194,-1
121,1,"2016-07-11 16:21:09.0084",1,"2016-07-12 10:17:13.0000","2016-07-11 16:21:09.0084","ACTIVE","com.elitecore.sm.services.model.ProcessingService",5000,1,195,-1
122,1,"2016-07-11 16:21:09.0084",1,"2016-07-12 10:17:13.0000","2016-07-11 16:21:09.0084","ACTIVE","com.elitecore.sm.services.model.ProcessingService",50000,1,205,
123,1,"2016-07-11 16:21:09.0084",1,"2016-07-12 10:17:13.0000","2016-07-11 16:21:09.0084","ACTIVE","com.elitecore.sm.services.model.ProcessingService",2880,1,206,
124,1,"2016-07-11 16:21:09.0084",1,"2016-07-12 10:17:13.0000","2016-07-11 16:21:09.0084","ACTIVE","com.elitecore.sm.services.model.ProcessingService",100,1,207,
125,1,"2016-07-11 16:21:09.0084",1,"2016-07-12 10:17:13.0000","2016-07-11 16:21:09.0084","ACTIVE","com.elitecore.sm.services.model.ProcessingService",10000000,1,209,-1
126,1,"2016-07-11 16:21:09.0081",1,"2016-07-12 10:17:13.0000","2016-07-11 16:21:09.0081","ACTIVE","com.elitecore.sm.pathlist.model.ProcessingPathList",50000,1,218,-1
127,1,"2016-07-11 16:21:09.0081",1,"2016-07-12 10:17:13.0000","2016-07-11 16:21:09.0081","ACTIVE","com.elitecore.sm.pathlist.model.CharRenameOperation",255,0,170,-1
128,1,"2016-07-11 16:21:09.0081",1,"2016-07-12 10:17:13.0000","2016-07-11 16:21:09.0081","ACTIVE","com.elitecore.sm.pathlist.model.CharRenameOperation",255,0,171,-1
129,1,2016-07-11 16:21:09.0086,1,2016-07-12 10:17:13.0002,2016-07-11 16:21:09.0086,ACTIVE,com.elitecore.sm.agent.model.FileRenameAgent,8640000,60000,199,
130,1,2016-07-11 16:21:09.0086,1,2016-07-12 10:17:13.0002,2016-07-11 16:21:09.0086,ACTIVE,com.elitecore.sm.agent.model.FileRenameAgent,8640000,0,216,
131,1,"2016-07-11 16:21:09.0081",1,"2016-07-12 10:17:13.0000","2016-07-11 16:21:09.0081","ACTIVE","com.elitecore.sm.pathlist.model.DataConsolidationPathList",50000,1,218,-1
132,1,"2016-07-11 16:21:09.0081",1,"2016-07-12 10:17:13.0000","2016-07-11 16:21:09.0081","ACTIVE","com.elitecore.sm.services.model.DataConsolidationService",86400,1,51,
133,1,"2016-07-11 16:21:09.0021",1,"2016-07-12 10:17:12.0000","2016-07-11 16:21:09.0021","ACTIVE","com.elitecore.sm.services.model.DataConsolidationService",100000,1,55,
134,1,"2016-07-11 16:21:09.0018",1,"2016-07-12 10:17:12.0000","2016-07-11 16:21:09.0018","ACTIVE","com.elitecore.sm.services.model.DataConsolidationService",100,1,54,
135,1,"2016-07-11 16:21:09.0019",1,"2016-07-12 10:17:12.0000","2016-07-11 16:21:09.0019","ACTIVE","com.elitecore.sm.services.model.DataConsolidationService",100,1,53,
136,1,"2016-07-11 16:21:09.0020",1,"2016-07-12 10:17:12.0000","2016-07-11 16:21:09.0020","ACTIVE","com.elitecore.sm.services.model.DataConsolidationService",500,1,52,
137,1,"2016-07-11 16:21:09.0024",1,"2016-07-12 10:17:12.0000","2016-07-11 16:21:09.0024","ACTIVE","com.elitecore.sm.services.model.DataConsolidationService",5000,1,193,-1
138,1,"2016-07-11 16:21:09.0084",1,"2016-07-12 10:17:13.0000","2016-07-11 16:21:09.0084","ACTIVE","com.elitecore.sm.services.model.DataConsolidationService",5000,1,195,-1
139,1,"2016-07-11 16:21:09.0025",1,"2016-07-12 10:17:12.0000","2016-07-11 16:21:09.0025","ACTIVE","com.elitecore.sm.services.model.DataConsolidationService",2880,1,194,-1
140,1,"2016-07-11 16:21:09.0025",1,"2016-07-12 10:17:12.0000","2016-07-11 16:21:09.0025","ACTIVE","com.elitecore.sm.services.model.DataConsolidationService",5000,1,237,
141,1,"2016-07-11 16:21:09.0025",1,"2016-07-12 10:17:12.0000","2016-07-11 16:21:09.0025","ACTIVE","com.elitecore.sm.services.model.DataConsolidationService",20000,1,238,-1
142,1,"2016-07-11 16:21:09.0025",1,"2016-07-12 10:17:12.0000","2016-07-11 16:21:09.0025","ACTIVE","com.elitecore.sm.services.model.DataConsolidationService",20000,1,239,-1
143,1,"2016-07-11 16:21:09.0000",1,"2016-07-12 10:17:12.0000","2016-07-11 16:21:09.0000","ACTIVE","com.elitecore.sm.services.model.GTPPrimeCollectionService",200,1,53,
144,1,"2016-07-11 16:21:09.0000",1,"2016-07-12 10:17:12.0000","2016-07-11 16:21:09.0000","ACTIVE","com.elitecore.sm.services.model.GTPPrimeCollectionService",200,1,54,
145,1,"2016-07-11 16:21:09.0000",1,"2016-07-12 10:17:12.0000","2016-07-11 16:21:09.0000","ACTIVE","com.elitecore.sm.services.model.GTPPrimeCollectionService",1000000,1,55,
146,1,"2016-07-11 16:21:09.0000",1,"2016-07-12 10:17:12.0000","2016-07-11 16:21:09.0000","ACTIVE","com.elitecore.sm.consolidationservice.model.DataConsolidationMapping",100000,1,248,-1
147,1,"2016-07-11 16:21:09.0025",1,"2016-07-12 10:17:12.0000","2016-07-11 16:21:09.0025","ACTIVE","com.elitecore.sm.consolidationservice.model.DataConsolidationMapping",100000,1,249,-1
148,1,"2016-07-11 16:21:09.0025",1,"2016-07-12 10:17:12.0000","2016-07-11 16:21:09.0025","ACTIVE","com.elitecore.sm.consolidationservice.model.DataConsolidationMapping",100000,1,250,-1
149,1,"2016-07-11 16:21:09.0025",1,"2016-07-12 10:17:12.0000","2016-07-11 16:21:09.0025","ACTIVE","com.elitecore.sm.consolidationservice.model.DataConsolidation",5000,1,252,-1
150,1,"2016-07-11 16:21:09.0025",1,"2016-07-12 10:17:12.0000","2016-07-11 16:21:09.0025","ACTIVE","com.elitecore.sm.pathlist.model.CollectionDriverPathList",10000,1,78,-1
151,1,"2016-07-11 16:21:09.0025",1,"2016-07-12 10:17:12.0000","2016-07-11 16:21:09.0025","ACTIVE","com.elitecore.sm.pathlist.model.CollectionDriverPathList",10000,1,79,-1
152,1,"2016-07-11 16:21:09.0025",1,"2016-07-12 10:17:12.0000","2016-07-11 16:21:09.0025","ACTIVE","com.elitecore.sm.pathlist.model.DistributionDriverPathList",10000,1,78,-1
153,1,"2016-07-11 16:21:09.0025",1,"2016-07-12 10:17:12.0000","2016-07-11 16:21:09.0025","ACTIVE","com.elitecore.sm.pathlist.model.DistributionDriverPathList",10000,1,79,-1
154,1,"2016-07-11 16:21:09.0025",1,"2016-07-12 10:17:12.0000","2016-07-11 16:21:09.0025","ACTIVE","com.elitecore.sm.pathlist.model.ProcessingPathList",10000,1,78,-1
155,1,"2016-07-11 16:21:09.0025",1,"2016-07-12 10:17:12.0000","2016-07-11 16:21:09.0025","ACTIVE","com.elitecore.sm.pathlist.model.ProcessingPathList",10000,1,79,-1
156,1,"2016-07-11 16:21:09.0025",1,"2016-07-12 10:17:12.0000","2016-07-11 16:21:09.0025","ACTIVE","com.elitecore.sm.pathlist.model.ParsingPathList",10000,1,78,-1
157,1,"2016-07-11 16:21:09.0025",1,"2016-07-12 10:17:12.0000","2016-07-11 16:21:09.0025","ACTIVE","com.elitecore.sm.pathlist.model.ParsingPathList",10000,1,79,-1
158,1,"2016-07-11 16:21:09.0025",1,"2016-07-12 10:17:12.0000","2016-07-11 16:21:09.0025","ACTIVE","com.elitecore.sm.netflowclient.model.NetflowClient",2147483647,1,101,
159,1,"2016-07-11 16:21:09.0025",1,"2016-07-12 10:17:12.0000","2016-07-11 16:21:09.0025","ACTIVE","com.elitecore.sm.netflowclient.model.NetflowClient",2147483647,1,102,
160,1,"2017-03-27 16:21:09.0025",1,"2017-03-27 10:17:12.0000","2017-03-27 16:21:09.0025","ACTIVE","com.elitecore.sm.services.model.PartitionParam",127,1,269,-1